<?xml version="1.0" encoding="UTF-8"?>
<!--

    Copyright 2004-2009 the Seasar Foundation and the Others.

    Licensed under the Apache License, Version 2.0 (the "License");
    you may not use this file except in compliance with the License.
    You may obtain a copy of the License at

        http://www.apache.org/licenses/LICENSE-2.0

    Unless required by applicable law or agreed to in writing, software
    distributed under the License is distributed on an "AS IS" BASIS,
    WITHOUT WARRANTIES OR CONDITIONS OF ANY KIND,
    either express or implied. See the License for the specific language
    governing permissions and limitations under the License.

-->
<archetype-descriptor name="cubby-guice-archetype">
  <requiredProperties>
    <requiredProperty key="java-source-version">
      <defaultValue>1.6</defaultValue>
    </requiredProperty>
    <requiredProperty key="java-target-version">
      <defaultValue>1.6</defaultValue>
    </requiredProperty>
    <requiredProperty key="cubby-version">
      <defaultValue>2.0.4</defaultValue>
    </requiredProperty>
    <requiredProperty key="guice-version">
      <defaultValue>2.0</defaultValue>
    </requiredProperty>
    <requiredProperty key="use-oval">
      <defaultValue>true</defaultValue>
    </requiredProperty>
  </requiredProperties>
  <fileSets>
    <fileSet filtered="true" packaged="true" encoding="UTF-8">
      <directory>src/main/java</directory>
      <includes>
        <include>**/*.java</include>
      </includes>
    </fileSet>
    <fileSet filtered="true" encoding="UTF-8">
      <directory>src/main/resources</directory>
      <includes>
        <include>**/*.xml</include>
      </includes>
    </fileSet>
    <fileSet filtered="true" encoding="ISO-8859-1">
      <directory>src/main/resources</directory>
      <includes>
        <include>**/*.properties</include>
      </includes>
    </fileSet>
    <fileSet filtered="true" encoding="UTF-8">
      <directory>src/main/webapp</directory>
      <includes>
        <include>**/*.jsp</include>
        <include>**/*.html</include>
        <include>**/*.xml</include>
      </includes>
    </fileSet>
    <fileSet encoding="UTF-8">
      <directory>src/main/webapp</directory>
      <includes>
        <include>**/*.css</include>
        <include>**/*.js</include>
        <include>**/*.mayaa</include>
        <include>**/*.gif</include>
      </includes>
    </fileSet>
    <fileSet filtered="true" packaged="true" encoding="UTF-8">
      <directory>src/test/java</directory>
      <includes>
        <include>**/*.java</include>
      </includes>
    </fileSet>
    <fileSet filtered="true" encoding="UTF-8">
      <directory>src/test/resources</directory>
      <includes>
        <include>**/*.xml</include>
      </includes>
    </fileSet>
    <fileSet encoding="ISO-8859-1">
      <directory>src/test/resources</directory>
      <includes>
        <include>**/*.properties</include>
      </includes>
    </fileSet>
    <fileSet filtered="true" encoding="UTF-8">
      <directory>src/production/resources</directory>
      <includes>
        <include>**/*.xml</include>
      </includes>
    </fileSet>
    <fileSet encoding="ISO-8859-1">
      <directory>src/production/resources</directory>
      <includes>
        <include>**/*.properties</include>
      </includes>
    </fileSet>
  </fileSets>
</archetype-descriptor>
