<?xml version="1.0" encoding="UTF-8"?>
<!--

    Copyright 2004-2010 the Seasar Foundation and the Others.

    Licensed under the Apache License, Version 2.0 (the "License");
    you may not use this file except in compliance with the License.
    You may obtain a copy of the License at

        http://www.apache.org/licenses/LICENSE-2.0

    Unless required by applicable law or agreed to in writing, software
    distributed under the License is distributed on an "AS IS" BASIS,
    WITHOUT WARRANTIES OR CONDITIONS OF ANY KIND,
    either express or implied. See the License for the specific language
    governing permissions and limitations under the License.

-->

<configuration>
  <appender name="STDOUT" class="ch.qos.logback.core.ConsoleAppender">
    <ImmediateFlush>true</ImmediateFlush>
    <layout class="ch.qos.logback.classic.PatternLayout">
      <pattern>%-5p %d [%t] %m%n</pattern>
    </layout>
  </appender>
  <root>
    <level value="WARN"/>
    <appender-ref ref="STDOUT"/>
  </root>
</configuration>
